Site,Type,Classification,Date,Time,Duration,Depth,Visibility,Weather,Current,Boats,Researcher,Parrotfish,Rabbitfish,Butterflyfish,Angelfish,Cleaner_Wrasse,Batfish,Thicklip,Red_Breast,Slingjaw,Sweetlips,Squirrel/Soldier,Triggerfish,Porcupine/Puffer,Ray,Brown_Stripe_Snapper,Russels_Snapper,Snapper>30,Eel,Trevally,Emperorfish,Grouper<30,Grouper>30,Barracuda,total_N,N Observers 
Aow Mao,Natural,Fringing,09/01/2019,8:00,8,16,5,1,Light,2,GlobalReef,0.25,21.75,5.5,0,2.25,0,0,0,0,1.5,12.75,0,0,0.5,3.5,11,1,0,3.25,0.5,4.75,2.25,0,70.75,4
Aow Mao,Natural,Fringing,11/01/2022,11:00,8,NA,7,5,Light,0,GlobalReef,3.5,7,16.25,1.25,6.25,0.75,1.5,1.5,0,0.5,0,0.25,0,0,0,0,1.5,0.25,1.5,1.5,29.5,4.5,0,77.5,4
Aow Mao,Natural,Fringing,11/01/2022,12:00,8,NA,7,5,Light,0,GlobalReef,8,3.75,15.25,1,8.25,0,1.25,0.25,0,0.75,0,1.25,0,0,0,0,0,0,0.25,1.5,39.75,3.25,0,84.5,4
Aow Mao,Natural,Fringing,11/01/2022,14:00,8,24,7,2,None,2,GlobalReef,2.75,29,3.25,0,1.5,0,0,1.5,0,4,0,0.5,0,0,42.75,99.25,4.5,0,0,10.75,4.25,4.25,0,208.25,4
Aow Mao,Natural,Fringing,11/01/2022,12:00,8,24,7,5,None,1,GlobalReef,5.75,10.25,14.75,1,2.5,0,0,1.75,0,9.5,4.25,0.5,0,0,39.75,146.25,6.25,0,1,5.75,3.5,2.5,0,255.25,4
Aow Mao,Natural,Fringing,11/01/2022,12:00,8,24,7,5,None,1,GlobalReef,4.75,22.25,3.75,0,2.25,0,0,1.25,0,6,0,0.75,0,0,64.75,139.5,5,0,0,32.25,2.75,4.5,0,289.75,4
Aow Mao,Natural,Fringing,11/01/2022,12:00,8,24,7,5,None,1,GlobalReef,1.5,9.75,5,0.25,0.5,1,0,1,0,1.75,0,0,0,0,61.5,161,4.25,0,1.5,0.25,2.75,0.5,0,252.5,4
Aow Mao,Natural,Fringing,11/01/2022,12:00,8,24,7,5,None,1,GlobalReef,2.75,2.5,7.25,0.5,0.25,0,0,2.25,0,3,0,0.5,0,0,47.5,35.25,2,0,0,0.5,4,3.5,7.5,119.25,4
Aow Mao,Natural,Fringing,04/01/2023,12:00,8,24,7,5,None,1,GlobalReef,3.25,3,12.75,0.75,1.75,0,0,3.5,0,7,0,1.25,0,0,74,96,6.75,0,6.75,4.25,3.75,3,7.5,235.25,4
Aow Mao,Natural,Fringing,11/01/2022,12:00,8,NA,10,5,NA,0,GlobalReef,6,2,17.25,2,5,0,3,1.5,0,1.25,0,0.75,0,0,0.25,0.5,1,0,0.25,2,38,3.5,0,84.25,4
Aow Mao,Natural,Fringing,11/01/2022,13:00,8,NA,12,2,None,3,GlobalReef,4,11.67,7,0.67,4.5,0,0,0.83,0,0,2.83,0.5,0,0,0,2.17,0,0,0.17,0.67,24.5,0,73.33,132.84,6
Aow Mao,Natural,Fringing,11/01/2022,14:00,8,NA,12,5,None,1,GlobalReef,1.5,25.5,5,1,0.5,1.5,0,0,0,0,3,0.5,0,0,0,0,0,0.5,0,0.5,23,3.5,0,66,2
Aow Mao,Natural,Fringing,11/01/2022,13:00,8,NA,12,2,None,3,GlobalReef,4,7,7.5,0.75,6.75,0,0,0,0,0,0,0.25,0,0,0,2.75,0,0,0.5,1,47.5,0,317.5,395.5,4
Aow Mao,Natural,Fringing,11/01/2022,14:00,8,NA,12,2,None,0,GlobalReef,0.75,3.5,10.5,0,4.5,0,0,1.5,0,0.25,3.5,0,0,0,0,3.75,0,0,1.25,9,21.5,0.25,27.5,87.75,4
Aow Mao,Natural,Fringing,11/01/2022,11:00,8,NA,12,1,None,0,GlobalReef,14.75,73.75,19.5,3,6.5,0,0.5,3.25,0,1,0,0,0,0,0,0,0.25,0,0,0.5,39,6,0,168,4
Aow Mao,Natural,Fringing,05/01/2023,7:00,8,18,12,1,None,3,GlobalReef,6.5,41.5,12.17,1.33,2,0,0,5.5,0,0.17,0.5,1.33,0,0,1.17,12.83,1.5,0,0.67,2.5,13.67,0.17,90,193.51,6
Aow Mao,Natural,Fringing,05/01/2023,9:00,8,19,12,1,None,5,GlobalReef,4.5,20,7.25,1.25,2,0,0,4.5,0,0.5,0,0.5,0,0,0,11.25,0.75,0,16,2.25,16.25,1,95,183,4
Aow Mao,Natural,Fringing,04/01/2023,9:00,8,20,15,1,None,0,GlobalReef,12,21.5,15,1.5,4,2,0,1,0,5,0,2,0,0,3,30,0,0,0,5.5,19.5,1.5,15,138.5,4
Aow Mao,Natural,Fringing,05/01/2023,14:00,8,18,15,1,None,0,GlobalReef,8,55,15,1,3.25,0,0,5,0,7.25,0,0.75,1.25,0,4,22.5,1.5,0,2,5.75,19,5,11.25,167.5,4
Aow Mao,Natural,Fringing,05/01/2023,8:00,8,20,15,NA,None,0,GlobalReef,8,182,9,0,2.5,0,0,0,0,0.25,0,1,0,0,1,4.25,0,0,59.75,4.75,13.75,2.75,7.5,296.5,4
Aow Mao,Natural,Fringing,09/01/2019,8:00,8,16,20,1,None,3,GlobalReef,3.125,42.75,11.25,3.375,3,0,0,0,0,0,38.625,0,0,0.5,48.125,30.5,1,0,7.625,6.875,13.625,10.125,40.5,261,8
Aow Mao,Natural,Fringing,11/01/2022,12:00,8,0,20,2,None,0,GlobalReef,33,29.5,21,3,6,3,0,1.5,0,4,0,3.5,0,0,26,0,0,0,0.5,13,43.5,3.5,57.5,248.5,2
Aow Mao,Natural,Fringing,09/01/2019,12:00,8,17,NA,2,Medium,4,GlobalReef,3,50,8,3,3,0,0,1,0,0,3,1,0,0,2,113,3,0,11,2,5,3,0,211,2
Aow Mao,Natural,Fringing,11/01/2022,NA,8,NA,NA,NA,NA,NA,GlobalReef,5,59,22,3,5,0,0,5,0,0,0,1,0,0,0,0,0,0,3,3,31.5,4.5,0,142,2
Aow Mao,Natural,Fringing,04/01/2023,NA,8,NA,NA,NA,NA,NA,GlobalReef,4.67,2.5,12.17,2,4,1.17,0.17,2,0.17,0,0,1.33,0,0,0,0,0.17,0,4,5,16.67,5,0,61.02,3
Aow Mao,Natural,Fringing,05/01/2023,7:00,8,NA,NA,NA,NA,NA,GlobalReef,6.67,5.33,10.5,0.33,4.33,0,2,2.83,0,0.83,0.67,0,0.5,0,0.83,19.67,0.33,0,0.83,4.83,29.17,1.17,90,180.82,6
Aow Mao,Natural,Fringing,05/01/2023,9:00,8,NA,NA,NA,NA,NA,GlobalReef,1.25,63.5,13.75,1.75,2,0.25,2,2.5,0.25,0.75,0,0.5,0,0,1.25,31.25,1.25,0,1,3.75,27,1.25,82.5,237.75,4
Aow Mao Wreck,Artificial,Shipwreck,05/01/2023,8:00,8,NA,7,1,None,0,GlobalReef,10.75,31.25,17.25,0.75,4.25,0.5,0.25,3,0,0,0,0.75,0,0,0,0,0.75,0,0,4,25.25,2,0,100.75,4
Aow Mao Wreck,Artificial,Shipwreck,05/01/2023,10:00,8,24,7,1,None,1,GlobalReef,1.5,8,7,1,0,0,0,2,0,5.5,0,0,0,0,24,146,6,0,1,1,2,0.5,0,205.5,2
Aow Mao Wreck,Artificial,Shipwreck,06/01/2023,10:00,8,20,7,1,None,3,GlobalReef,7.5,80.75,9.25,0.5,1.25,0,0,1.5,0,5.5,0,0.75,0,0,39.75,81.5,7.75,0,1,3.5,7.75,2.5,0,250.75,4
Aow Mao Wreck,Artificial,Shipwreck,07/01/2023,10:00,8,21,7,1,None,4,GlobalReef,4.5,6.25,13,0,1,0,0.5,3.75,0,13.25,0,1.25,0,0,42.25,173.25,2.25,0,0.75,2.75,2.25,1.5,0,268.5,4
Aow Mao Wreck,Artificial,Shipwreck,07/01/2023,10:00,8,22,7,1,None,5,GlobalReef,8.25,8,14,2,1.5,0,0,6.75,0,7.25,0,0,1,0,32.25,166.25,7,0,20.25,2.5,5,6,0,288,4
Aow Mao Wreck,Artificial,Shipwreck,08/01/2023,13:30,8,25,7,1,Light,0,GlobalReef,0,0,0,0,0,0,0,0,0,0,0,0,0,0,0,0,0,0,0,0,1,0,0,1,1
Aow Mao Wreck,Artificial,Shipwreck,08/01/2023,13:30,8,25,7,1,Light,0,GlobalReef,0,7.5,0.5,0,0,0,0,0,0,0,0,0,0,0,0,0,0,0,0,1,0.5,0,0,9.5,2
Aow Mao Wreck,Artificial,Shipwreck,07/01/2023,15:00,8,20,10,1,Light,0,GlobalReef,3.67,42,6,2,0.33,0,0,0.33,0,8.67,0,1.33,0,0,1.67,9.33,2.33,0,0.33,1.67,3,1.33,0,83.99,3
Aow Mao Wreck,Artificial,Shipwreck,08/01/2023,13:30,8,NA,10,1,None,0,GlobalReef,11.83,11.17,16.17,0.17,2.67,0,1.67,2.5,1,0,0,0.33,0,0,0,0,0,0,0,1.5,25.33,1.83,0,76.17,6
Aow Mao Wreck,Artificial,Shipwreck,08/01/2023,13:30,8,NA,10,1,None,0,GlobalReef,14.33,6.33,6.33,0.33,2,0,1.67,1.33,0.67,0,0.33,0,0,0,126.67,0,0.33,0,1.33,0.33,15.33,0.67,0,177.98,3
Aow Mao Wreck,Artificial,Shipwreck,08/01/2023,13:30,8,NA,10,1,None,0,GlobalReef,27.5,4,12.5,0,5.5,0,4,9.5,0,0,0,0,0,1,52,0,0.5,0,0.5,0,18,1,0,136,2
Aow Mao Wreck,Artificial,Shipwreck,08/01/2023,13:30,8,NA,10,1,None,0,GlobalReef,9,6,16,1,7,0,2,4.5,2,0,0.5,0,0,0,117.5,0,0,0,3,1.5,16.5,1,0,187.5,2
Aow Mao Wreck,Artificial,Shipwreck,08/01/2023,8:00,8,25,12,1,None,1,GlobalReef,0,0,3.5,0,0,0,0,0,0,0,0,0,0,0,1,0,0,0,0,0,0,0,0,4.5,2
Aow Mao Wreck,Artificial,Shipwreck,08/01/2023,8:00,8,25,12,1,None,1,GlobalReef,1.5,107,5.5,0,0,0,0,0,0,0,0,0,0,0,0,0,0,0,0,1,0,0,0,115,1
Aow Mao Wreck,Artificial,Shipwreck,05/01/2023,14:00,8,19,15,NA,None,0,GlobalReef,12.17,69.5,11.67,1.5,1.5,0.5,0,0.67,0,2.67,0,0.33,0,0.5,3,3.83,0.17,0,1.67,1.5,20.67,3.5,9.17,144.52,6
Aow Mao Wreck,Artificial,Shipwreck,05/01/2023,14:00,8,20,15,NA,None,0,GlobalReef,13.25,81.5,15.75,1,2.5,0.5,0.25,2.25,0,1.75,0,2.25,0,0,1.25,27,1.25,0,82.75,11,17,3.25,0,264.5,4
Aow Mao Wreck,Artificial,Shipwreck,07/01/2023,13:30,8,NA,18,1,NA,0,GlobalReef,12,6.75,15.5,1.75,6.75,0,0,2.5,0,0,0,1.25,0.5,0,0.25,0,0.5,0.5,1.75,6.25,38,2.75,0,97,4
Aow Mao Wreck,Artificial,Shipwreck,08/01/2023,11:00,8,20,18,1,None,0,GlobalReef,4.5,26.33,10.17,1.33,3.67,0,1.5,6.67,0.17,2.33,4.33,0.67,0,0,1.67,5.33,1,0,3.83,6,20.33,0.5,102.5,202.83,6
Aow Mao Wreck,Artificial,Shipwreck,08/01/2023,9:30,8,NA,18,1,NA,0,GlobalReef,6,43,7,2,7,0,0,1,0,0,0,1,0,0,0,0,0,0,0.5,5.5,30,2,0,105,2
Aow Mao Wreck,Artificial,Shipwreck,07/01/2023,11:30,8,17,20,1,None,6,GlobalReef,2,8.75,12,1.5,5,1.5,0,4,0,0,0,0.75,0,0,0,9.75,0.75,0,3.25,23.5,23.5,2.25,125,223.5,2
Aow Mao Wreck,Artificial,Shipwreck,06/01/2023,NA,8,NA,NA,NA,NA,NA,GlobalReef,7.5,17.25,14.5,1.75,3,0.5,2.5,1.75,0,0.5,0,0,0,0,1,1.5,0,0,1.5,3,46.75,2,148.25,253.25,4
Aow Mao Wreck,Artificial,Shipwreck,07/01/2023,NA,8,NA,NA,NA,NA,NA,GlobalReef,9.5,5.5,9,0,0.5,0,2.5,1.5,0.5,0,1,0,0,0,0.5,0,0,0,0,1,19,0.5,0,51,2
Aow Mao Wreck,Artificial,Shipwreck,07/01/2023,NA,8,NA,NA,NA,NA,NA,GlobalReef,0,0,0,0,0,0,0,0,0,0,0,0,0,0,0,0,0,0,1,0,0,0,0,1,1
Aow Mao Wreck,Artificial,Shipwreck,08/01/2023,NA,8,NA,NA,NA,NA,NA,GlobalReef,0,0,2.5,0,0,0,0,0,0,0,0,0,0,0,10,0,0,0,7,0,0,0,0,19.5,2
Aow Mao Wreck,Artificial,Shipwreck,08/01/2023,NA,8,NA,NA,NA,NA,NA,GlobalReef,0,0,2,0,0,0,0,0,0,0,0,0,0,0,3,0,0,0,1,0,3.5,0,0,9.5,2
Aow Mao Wreck,Artificial,Shipwreck,08/01/2023,NA,8,NA,NA,NA,NA,NA,GlobalReef,0,0,0,0,0,0,0,0,0,0,0,0,0,0,7,0,0,0,0,0,2.5,0,0,9.5,2
Aow Mao Wreck,Artificial,Shipwreck,08/01/2023,11:00,8,NA,NA,NA,NA,NA,GlobalReef,2.75,32.75,12.5,0.25,8.25,0.25,1,2.25,0,3,0,0.5,0.25,0,0,17.5,0.25,0,0.25,1.5,19.75,1.75,25,129.75,4
Chumphon,Natural,Pinnacle,08/01/2023,13:30,8,25,7,1,Light,0,GlobalReef,0,10,1,0,0,0,0,0,0,0,0,0,0,0,0,0,0,0,0,1,1,0,0,13,1
Chumphon,Natural,Pinnacle,08/01/2023,10:00,8,21,10,1,None,0,GlobalReef,2.5,24.5,6.5,3,3.5,0,0.5,1,0,8.5,0,0,0,0,46,115.5,10.5,0,2,0,2,4,0,230,2
Chumphon,Natural,Pinnacle,09/01/2023,11:00,8,18,12,1,None,5,GlobalReef,3.25,32.75,13.75,3.75,5.5,1,0.25,0.75,0,2,2,1.75,0,0,0,16.5,0,0,0,27.5,18.75,2.5,62.5,194.5,4
Green Rock,Natural,Fringing,02/04/2025,7:24,8,8.5,7,2,None,0,Jen,11,42,24,1,0,0,2,4,3,0,24,1,0,2,1,1,0,0,3,14,1,0,0,134,1
Green Rock,Natural,Fringing,02/04/2025,7:24,8,8.5,7,2,None,0,Elise,24,53,25,2,6,0,1,3,3,0,17,2,0,7,2,1,0,0,0,31,1,0,0,178,1
Green Rock,Natural,Fringing,02/04/2025,7:24,8,10,7,2,None,0,Jen,22,30,21,0,0,0,1,7,6,0,24,0,0,1,2,0,0,2,5,17,2,0,0,140,1
Green Rock,Natural,Fringing,02/04/2025,7:24,8,10,7,2,None,0,Elise,31,43,25,0,4,0,2,4,12,0,19,0,0,10,2,0,0,0,3,26,1,0,0,182,1
Green Rock,Natural,Fringing,09/01/2023,NA,8,NA,12,NA,NA,0,GlobalReef,10,59,7.5,1,3.5,1,0.5,0.5,0,0,0,1,0,0,0,0,0,0,0.5,2,20,6.5,0,113,2
Green Rock,Natural,Fringing,09/01/2023,NA,8,NA,12,NA,NA,0,GlobalReef,3.5,51,9,1.5,5,0,0,1,2,0,0,0.5,0,0,0,0,0,0,5.5,1.5,11.5,12,0,104,2
Green Rock,Natural,Fringing,09/01/2023,NA,8,NA,12,NA,NA,0,GlobalReef,5.25,49.25,9,1,5.25,0,0.25,0.75,0,0,0,1,0,0,0,0,0,0,0.25,3.25,12.5,5.25,0,93,4
Green Rock,Natural,Fringing,09/01/2023,NA,8,NA,12,NA,NA,0,GlobalReef,7.25,42,9,1.5,8.5,0,0.75,1,0.25,0,0,0.5,0,0,0,0,0,0,0.25,1.75,35.5,7.75,0,116,4
Green Rock,Natural,Fringing,09/01/2023,10:00,8,20,12,1,None,0,GlobalReef,12.5,42,11.5,2.5,8,0,0,4,0,0,0,0,0,0,0,0,0,0,1,2,25.5,9,0,118,2
Green Rock,Natural,Fringing,09/01/2023,NA,8,NA,NA,NA,NA,NA,GlobalReef,13.25,57,8.5,1.5,4.25,1.25,0.5,2,0,3.25,0,2,0,0.5,1,7.75,9,0,1.5,1.75,16.5,7.75,77.5,216.75,4
Green Rock,Natural,Fringing,09/01/2023,NA,8,NA,NA,NA,NA,NA,GlobalReef,9,38,13.5,2,7,0,0,3.5,0,0,0,0.5,0,0,0,0,0.5,0,3,0,14,3,0,94,2
Hin Pee Wee,Natural,Pinnacle,10/01/2023,8:00,8,20,7,1,None,3,GlobalReef,5,77,3.5,0,4.5,0,0,0,0,0,0,0,0,1,0,10.5,0,0,0,1,4.5,4,135,246,2
Hin Pee Wee,Natural,Pinnacle,10/01/2023,8:00,8,20,7,1,None,3,GlobalReef,6,32.5,2,0,4,2,0,0,0,0,0,0,0,0,0,2.5,0,0,0,11,5,6,95,166,2
Hin Pee Wee,Natural,Pinnacle,10/01/2023,8:00,8,20,7,1,None,3,GlobalReef,2,51.5,4,0,1.5,0,0,0,0,0,0,1.5,0,0,0,0.5,0.5,0,0,0.5,1.5,3,30,96.5,2
Hin Pee Wee,Natural,Pinnacle,10/01/2023,8:00,8,20,7,1,None,3,GlobalReef,8,5,7,2,3,1,0,0,0,16,0,0,0,0,2,24,0,0,0,1,9,6,75,159,1
Hin Pee Wee,Natural,Pinnacle,10/01/2023,8:00,8,20,7,1,None,3,GlobalReef,3.75,2.5,8.25,1,4,0.75,0,0.25,1.5,1.5,0,0.75,0,0,0.75,22.75,1.25,0,1.5,3,6.75,4,245,309.25,4
Hin Pee Wee,Natural,Pinnacle,10/01/2023,10:00,8,23,7,1,None,5,GlobalReef,6.75,38.25,21.25,0,2,0,0,2.5,0,2.5,0,0.5,0,0,81.5,171.75,7.25,0,1,7.25,3.75,11.25,0,357.5,4
Hin Pee Wee,Natural,Pinnacle,10/01/2023,10:00,8,23,7,1,Light,6,GlobalReef,6.5,19.5,13,0,3,0,0,3,0,0,0,2,0,0,63.5,102.5,0.5,0,0.5,4.5,0.5,6,0,225,2
Hin Pee Wee,Natural,Pinnacle,10/01/2023,10:00,8,23,7,1,Light,6,GlobalReef,3,22.5,10,0,3.5,0,0,2.5,0,1.5,0,2,0,0,52,88,4.5,0,3.5,5,2,5,0,205,2
Hin Pee Wee,Natural,Pinnacle,09/01/2023,10:00,8,22,10,1,None,1,GlobalReef,4.5,26,11,3,2,0,0,2.5,0,6.5,0,0,0,0,49.5,150.5,5,0,5,1,3.5,9,0,279,2
Hin Pee Wee,Natural,Pinnacle,09/01/2023,10:00,8,23,10,1,None,2,GlobalReef,4.5,6,7,0,0,0,0,3.5,0,12,0,0,0,0,33,88,15.5,0,0,2,3.5,5,0,180,2
Hin Pee Wee,Natural,Pinnacle,09/01/2023,10:00,8,20,12,1,None,0,GlobalReef,3,45,14,0.5,2.5,0,0,4.75,0.25,0,0,0,0.5,0,0,0,0,0,0,1.25,13.25,4.5,0,89.5,4
Hin Pee Wee,Natural,Pinnacle,09/01/2023,10:00,8,20,12,1,None,0,GlobalReef,6.25,53.75,12.25,1.5,5.25,0,0,4.25,0,0,0,0,0,0,0,0,0,0,0.75,1.75,11.5,8.25,0,105.5,4
Hin Pee Wee,Natural,Pinnacle,09/01/2023,10:00,8,20,12,1,None,0,GlobalReef,1,18,7.5,0,0,0,0,0,0,1.5,0,1,0,0,1,0,0,0,0,2.5,0,3,0,35.5,2
Hin Pee Wee,Natural,Pinnacle,09/01/2023,10:00,8,20,12,1,None,0,GlobalReef,0,18,10,0,0,0,0,0,0,1,0,0,0,0,1,0,0,0,0,4,0,2,0,36,1
Hin Pee Wee,Natural,Pinnacle,09/19/2023,14:00,8,12,12,1,None,0,GlobalReef,11,14.5,18.5,0,5.5,0,1.5,6,2,0,5,1,0,0,114,0,0,0,0,1,21,7.5,0,208.5,2
Hin Pee Wee,Natural,Pinnacle,09/19/2023,14:00,8,12,12,1,None,0,GlobalReef,5,9.5,14.75,0,2,0,0.75,4.5,1.25,0,2,0.5,0,0,54,0,0.25,0,0,1.5,14,1,0,111,2
Hin Pee Wee,Natural,Pinnacle,09/19/2023,14:00,8,12,12,1,None,0,GlobalReef,8.25,8.75,12.75,0,6.5,0,0.25,2.5,0.75,0,1,0.75,0,0.25,53.75,0.25,0,0,0,0,13,5.75,0,114.5,4
Hin Pee Wee,Natural,Pinnacle,10/01/2023,10:00,8,18,12,1,None,4,GlobalReef,10,34,13.75,1,6.5,0,0.5,1.5,1.75,2.5,0.75,1.25,0,0,0,20.75,0.75,0,3.75,32.25,23.75,7,37.75,199.5,4
Hin Pee Wee,Natural,Pinnacle,10/01/2023,10:00,8,18,12,1,None,4,GlobalReef,10,24,10,1.5,2,1,2,3.5,0,0,1.5,0.5,0,0,0.5,21,1,0,4,6.5,30.5,2,35,156.5,2
Hin Pee Wee,Natural,Pinnacle,10/01/2023,10:00,8,20,12,1,None,5,GlobalReef,8,16.5,7,0.5,2.25,0.5,0.25,1,0,0,0.25,0.5,0,0,1,10.5,0.5,0,1.5,40,32.25,3.5,7.5,133.5,4
Hin Pee Wee,Natural,Pinnacle,10/01/2023,8:00,8,20,12,1,None,0,GlobalReef,12.5,34.75,17,0.75,6.25,1.5,0,0.75,0,2.75,0,2,0.75,0,0.5,24.75,0,0,0,3.5,9,4.25,215,336,4
Hin Pee Wee,Natural,Pinnacle,10/01/2023,8:00,8,20,12,1,None,0,GlobalReef,18,24.25,16,0.5,5.75,3,0.25,1.25,0,18.75,0,2,0,0.25,11.25,17.75,0,0,0,1.75,11,6.75,112.5,251,4
Hin Pee Wee,Natural,Pinnacle,10/01/2023,10:00,8,NA,12,1,Light,0,GlobalReef,8.5,12.75,10.5,0.5,5.5,0,0.5,2,0,0,0,0.75,0.25,0,0,0,0.5,0,0.5,8,21.25,15.25,0,86.75,4
Hin Pee Wee,Natural,Pinnacle,10/11/2023,NA,8,12,12,1,None,13,GlobalReef,9.5,7.5,15,0,3.5,0,2,3.5,1.5,1.5,1,0.5,22.5,0,30.5,0,0,0,0,1,17.5,5.5,0,122.5,2
Hin Pee Wee,Natural,Pinnacle,10/11/2023,NA,8,12,12,1,None,13,GlobalReef,8.5,12.5,13,0.5,6.5,0,4,3.5,1.5,1,1,0.5,0,0,105.5,0,0,0,0,0.5,13.5,2.5,0,174.5,2
Hin Pee Wee,Natural,Pinnacle,09/19/2023,13:00,8,18,18,1,None,0,GlobalReef,1,126.75,4.5,0,0,0,0,0,0,4.75,0,0,0,0,0,0,0,0,1,0.25,0,0.25,0,138.5,4
Hin Pee Wee,Natural,Pinnacle,09/19/2023,13:00,8,18,18,1,None,1,GlobalReef,2,122,3,0,0,0,0,0,0,5,0,0,0,0,0,0,0,0,0.75,0.25,0,0,0,133,4
Hin Pee Wee,Natural,Pinnacle,09/19/2023,13:00,8,18,18,1,None,2,GlobalReef,2,108.5,2.5,0,0,0,0,0,0,4,0,0,0,0,0,0,0,0,1,0.5,0,0,0,118.5,2
Hin Pee Wee,Natural,Pinnacle,09/24/2023,14:00,8,18,18,1,None,2,GlobalReef,3.5,58,0.75,0,0,0,0,0,0,3.25,0,0,0.25,0,0,0,0,0,1.5,0,0,0.5,0,67.75,4
Hin Pee Wee,Natural,Pinnacle,09/24/2023,14:00,8,18,18,NA,None,2,GlobalReef,4.75,22.25,2,0,0,0,0,0,0,3.25,0,0,0.5,0,0,0,0,0,0,0.25,0,0,0,33,4
Hin Pee Wee,Natural,Pinnacle,10/01/2023,10:00,8,22,18,1,None,4,GlobalReef,4.75,16,12,1,2.5,0,0,3.5,0,10,2.75,0.5,0,0,66,88,8,0,0.5,2.25,1.75,7.5,0,227,4
Hin Pee Wee,Natural,Pinnacle,10/01/2023,10:00,8,19,20,1,None,4,GlobalReef,11,28.5,17,1.25,5.25,0.25,0.5,3,0,1,1,0.5,0,0,0,7,0,0,0.75,39.25,23.25,5.75,15.5,160.75,4
Hin Pee Wee,Natural,Pinnacle,10/01/2023,8:00,8,20,18,1,None,2,GlobalReef,23.75,13.25,12,2.5,4.75,1.25,1.5,3.5,0,1.75,0,2,1,0,1,13,1,0,0.75,3.75,17.5,7,0,111.25,4
Hin Pee Wee,Natural,Pinnacle,10/01/2023,8:00,8,19,NA,1,Light,3,GlobalReef,7.75,10.75,6.75,0.75,4.5,0.25,0,0.75,0,3.5,0,0,0,0,0,6.75,0.25,0,4.5,19,22.75,2.75,51.75,142.75,4
Hin Pee Wee,Natural,Pinnacle,10/01/2023,8:00,8,19,NA,1,Light,3,GlobalReef,11,7,5.75,0.75,5,0.25,0,1.75,0,3,0,0,0,0,0,6.5,0.25,0,1.5,4.5,28.25,4.75,97.5,177.75,4
Hin Pee Wee,Natural,Pinnacle,10/01/2023,8:00,8,19,NA,1,Light,3,GlobalReef,7.25,13.75,8,0.75,6,0,0.5,7.5,0,0.25,5,0.75,0,0.25,0,0,0,0,1,9.25,34.75,3.5,132.5,231,4
Hin Pee Wee ,Natural,Pinnacle,02/06/2025,7:27,8,16,8,1,None,3,Georgia,6,24,8,0,1,0,0,3,0,-,0,0,0,0,0,5,15,0,2,24,2,2,160,252,1
Hin Pee Wee ,Natural,Pinnacle,02/06/2025,7:27,8,16,8,1,None,0,Camille,12,33,9,0,0,1,1,2,0,0,0,0,0,0,0,2,13,0,0,21,6,6,90,196,1
No Name AR,Artificial,Fringing,03/17/2024,NA,8,NA,5,NA,NA,1,GlobalReef,11.5,12.5,12,0,2.5,0,2.5,0.5,1.5,0,41.5,0,0,0,130,0,0.5,0,0.5,0.5,7.5,1.5,0,225,2
No Name AR,Artificial,Fringing,12/09/2023,10:00,8,NA,7,1,Light,4,GlobalReef,4,13,12,1.5,7.5,0.5,0,2,0,0,0,0.5,0,0,0,0,0,0,1,2,21,5.5,0,70.5,2
No Name AR,Artificial,Fringing,01/01/2024,10:00,8,NA,7,1,None,4,GlobalReef,3,16,10,3,4,0,0,4,0,0,0,0,0,0,0,0,0,0,0,0,28,0,0,68,1
No Name AR,Artificial,Fringing,01/01/2024,8:00,8,20,7,1,None,4,GlobalReef,4,62,8,0,0,0,0,0,0,0,0,0,0,0,0,0,4,0,8,0,0,11,0,97,1
No Name AR,Artificial,Fringing,01/01/2024,9:30,8,23,7,1,Light,8,GlobalReef,4.5,6.5,7,0,0,0,0,1,0,1,0,0,0,0,45,63,1,0,0,2,0.5,3.5,0,135,2
No Name AR,Artificial,Fringing,01/01/2024,9:30,8,23,7,1,None,0,GlobalReef,2,8.75,3.5,0,1.25,0,0,0,0,0.5,0,0,0,0,33.5,129.5,1.75,0,1,0,1,2.5,0,185.25,4
No Name AR,Artificial,Fringing,01/06/2024,8:00,8,21,7,1,None,4,GlobalReef,22,27,18,3,3,2,1,3,0,17,0,6,0,1,17,0,0,0,2,8,19,5,220,374,1
No Name AR,Artificial,Fringing,01/25/2024,14:00,8,22,7,1,None,0,GlobalReef,1,2,1.5,0,0,0,0,0,0,0,0,0,0,0,0,0,1.5,0,0.5,0,0,4,0.5,11,2
No Name AR,Artificial,Fringing,02/01/2024,8:00,8,22,7,1,None,10,GlobalReef,0.75,34.5,4.75,0.75,0,0,0,2.5,0.25,0,0,1,0,0,0,1.5,5.5,0,2,1.5,2.75,5.5,0,63.25,4
No Name AR,Artificial,Fringing,03/11/2024,NA,8,NA,7,NA,NA,1,GlobalReef,2.5,6,1.5,0,0,0,0,0,0,0,0,0,0,0,0,5.5,30,0,16.5,0,0,0.5,0,62.5,2
No Name AR,Artificial,Fringing,01/01/2024,15:00,8,12,12,1,NA,0,GlobalReef,5.5,9.5,20.5,0,4.5,0,0,5,1.5,0,4,0,0,0,132.5,1,0,0,0.5,0.5,17,6,0,208,2
No Name AR,Artificial,Fringing,02/12/2024,8:00,8,21,12,1,None,4,GlobalReef,17.25,15,12.25,0,2.5,0,0,0,0,6.5,0,2.25,0,0,7.25,11.5,0.5,0,5,2.75,11.25,3.75,130,227.75,4
No Name AR,Artificial,Fringing,02/23/2024,10:00,8,NA,12,1,NA,3,GlobalReef,5,17,14,3.5,4.5,0,2.5,3,0,0,0,1,0,0,0,0,0,0,0.5,1,19,3.5,0,74.5,2
No Name AR,Artificial,Fringing,02/23/2024,8:00,8,23,12,1,None,3,GlobalReef,0.5,32,3,0,0,0,0,0.5,0,0,0,0,0,0,0,0.5,0.5,0,2.5,0,2,6,0,47.5,2
No Name AR,Artificial,Fringing,03/01/2024,10:00,8,23,12,1,None,4,GlobalReef,5.25,17,9,0,2.25,1,0,1.5,0.5,0.75,0.25,0.25,0,0,38.5,195.5,5.75,0,0.25,0.75,4.5,2.5,0,285.5,4
No Name AR,Artificial,Fringing,03/04/2024,NA,8,NA,12,NA,NA,5,GlobalReef,10.5,8.5,14,1,7.5,0,0,2,0,0,0,2,0,0,0,0,1,0,6.5,4.5,20.5,2,0,80,2
No Name AR,Artificial,Fringing,03/04/2024,NA,8,NA,12,1,None,5,GlobalReef,6.5,35.5,7.5,0,0,0,0,2.5,0,0,0,1,0,0,0,0,2.5,0,4.5,0.5,8,10,0,78.5,2
No Name AR,Artificial,Fringing,03/11/2024,NA,8,24,12,NA,None,1,GlobalReef,8.5,15,9.5,0,3.5,0,4,5,0,0,6.5,2,0,0,15,0,0,0,0,0.5,9,1.5,0,80,2
No Name AR,Artificial,Fringing,10/11/2023,NA,8,19,18,1,None,13,GlobalReef,6.5,132.5,1,0.5,0,0,0,0,0,0,0,0,0,0,0,0,0,0,0,0,0,0,0,140.5,2
No Name AR,Artificial,Fringing,10/11/2023,NA,8,19,18,NA,None,13,GlobalReef,10,159.5,1.5,0.5,0,0,0,0,0,0,0,0,0,0,0,0.5,0,0,0,1,0,0,0,173,2
No Name AR,Artificial,Fringing,10/15/2023,NA,8,12,18,1,NA,4,GlobalReef,7,10,14.5,0,6.5,0,2,3.5,3,0,1.5,0,0,0,11.5,0,0,0,0,0.5,13.5,3,0,76.5,2
No Name AR,Artificial,Fringing,10/15/2023,NA,8,12,18,1,NA,4,GlobalReef,13.5,10.5,19,0,4.5,0,3.5,4.5,3,0,0.5,0,0,0,46.5,0,0,0,0,0,8.5,3,6,123,2
No Name AR,Artificial,Fringing,10/15/2023,NA,8,19,18,1,NA,4,GlobalReef,6.25,34.5,6,0.5,0.75,0,0,0,0,6,0,0,0.25,0,0,0,0,0,7.5,1.25,0,2.25,0,65.25,4
No Name AR,Artificial,Fringing,01/01/2024,10:00,8,18,18,1,None,1,GlobalReef,5.25,26.25,10,2.5,2,1.25,0.5,2.75,0.5,2.25,0,1,0,0,1,19.5,1.25,0,7.5,102,20.75,2.5,106.25,315,4
No Name AR,Artificial,Fringing,01/01/2024,10:00,8,18,NA,1,None,5,GlobalReef,7,13,14,2,8,0,0,2,0,1,1,0,0,0,1,37,0,1,0,3,30,2,120,242,1
No Name AR,Artificial,Fringing,10/15/2023,NA,8,19,NA,1,NA,4,GlobalReef,8.75,25,6.25,0.25,0.25,0,0,0,0,5.25,0,0,0,0,0,0,0,0,0,0.25,0,0.5,0,46.5,4
No Name Pinnacle,Natural,Pinnacle,03/17/2024,NA,8,NA,5,NA,NA,1,GlobalReef,3,10,3,0,0,0,1,0,0,0.5,0,0,0,0,0,0,6,0,19,0,0,1,0,43.5,2
No Name Pinnacle,Natural,Pinnacle,06/05/2024,13:10,8,23,5,1,None,0,GlobalReef,0.5,30,5.75,0,0,0.5,0,0,0,1.75,0,0,0,0,0,17.25,7.75,0,6.75,0.25,1,2,0,73.5,4
No Name Pinnacle,Natural,Pinnacle,06/11/2024,13:30,8,23,5,2,Medium,2,GlobalReef,1,7,2,0,0,0,0,0,0,2.75,0,0,0,0,1.5,0.5,7.25,0,1.5,0.25,0.25,0.25,37.5,61.75,4
No Name Pinnacle,Natural,Pinnacle,06/05/2024,13:40,8,12,6,1,None,1,GlobalReef,1.5,5.5,3,0,2.75,0,0.5,1.25,0,0,0.25,0,0,0,40.75,0.5,0,0,0.75,0.5,7,0.25,0,64.5,4
No Name Pinnacle,Natural,Pinnacle,04/01/2024,10:00,8,23,7,1,None,5,GlobalReef,0,4.5,3.5,0,2.5,0,0,2,0,0,0,0,0,0,31,94,0.5,0,0,0.5,0,1.5,0,140,2
No Name Pinnacle,Natural,Pinnacle,04/15/2024,14:00,8,23,7,1,None,0,GlobalReef,2,0,0,0,0,0,0,0,0,3,0,0,0,0,0,21,0,0,2,0,1,3,0,32,1
No Name Pinnacle,Natural,Pinnacle,06/01/2024,9:30,8,23,7,3,Light,2,GlobalReef,7,12,9,1.5,2,0,0,2.5,0,4,0,0,0,0,48.5,37.5,13.5,0,3.5,0.5,7.5,8.5,0,157.5,2
No Name Pinnacle,Natural,Pinnacle,06/17/2024,13:15,8,23,7,3,None,1,GlobalReef,4.63,19.13,9.88,0.13,0,0.5,0,0,0,2.63,0,0.25,0,0,18.13,4.25,20.25,0,2.88,1,5.13,3.38,0,92.17,8
No Name Pinnacle,Natural,Pinnacle,02/10/2025,7:58,8,20,9,2,None,2,Elise,3,7,7,1,0,1,0,1,1,0,0,0,0,0,0,0,0,0,2,2,13,0,0,38,1
No Name Pinnacle,Natural,Pinnacle,02/10/2025,7:58,8,20,9,2,None,2,Martin,10,4,8,1,5,1,1,0,0,0,0,0,0,0,0,0,0,0,2,3,30,0,0,65,1
No Name Pinnacle,Natural,Pinnacle,06/11/2024,13:40,8,12,10,2,None,2,GlobalReef,4.33,4.17,6.17,0.08,0.83,0,1.42,3.17,0.5,0,0,0.25,0,0,15.08,0,0.08,0,0.25,0.25,9.17,0.25,0,46,4
No Name Pinnacle,Natural,Pinnacle,02/10/2025,8:08,8,15,10,2,None,2,Elise,14,29,11,1,0,0,0,1,3,0,0,1,0,0,0,0,0,0,3,1,16,1,0,81,1
No Name Pinnacle,Natural,Pinnacle,02/10/2025,8:08,8,15,10,2,None,2,Martin,14,21,9,1,0,0,0,1,0,0,0,1,0,0,0,0,0,0,2,1,19,1,0,70,1
No Name Pinnacle,Natural,Pinnacle,03/29/2024,10:00,8,23,12,1,None,4,GlobalReef,1.25,3.5,6.5,3,3.5,0.25,0.5,4.75,0,1.5,0,0.5,0.25,0,0,2,0,0,0.25,22.75,25.5,0.25,48.75,125,4
No Name Pinnacle,Natural,Pinnacle,03/29/2024,8:00,8,21,12,1,None,2,GlobalReef,13.5,9,11.5,1.5,3,0,0.25,1.5,0.25,16,0,0.75,0,0,1.25,14.25,0.5,0,1.75,3,12.5,2.5,150,243,4
No Name Pinnacle,Natural,Pinnacle,04/01/2024,14:00,8,12,12,1,NA,0,GlobalReef,7,2,11,0,2,0,0.5,2.5,0.5,0,1.5,0.5,0,0.25,13,0,0,0,1,0.5,12,2.75,0,57,4
No Name Pinnacle,Natural,Pinnacle,04/16/2024,8:00,8,23,12,1,None,6,GlobalReef,3.75,3.25,7.25,0.75,0,0,0,0,0,0.75,0,0,0,0,0,0,7.5,0,3.25,1.25,4.75,6.25,0,38.75,4
No Name Pinnacle,Natural,Pinnacle,05/01/2024,15:00,8,12,12,1,NA,0,GlobalReef,8.5,4.5,7.5,0,1,0,2,3.5,0,0,0,0,0,0,50,0,0,0,1,0,8.5,2,0,88.5,2
No Name Pinnacle,Natural,Pinnacle,05/11/2024,14:00,8,23,12,1,None,0,GlobalReef,0,0,1,0.5,0,0,0,0,0,0,0,0,0,0,0,1.5,4,0,2,0,0.5,2.5,0,12,2
No Name Pinnacle,Natural,Pinnacle,06/16/2024,10:00,8,21,12,1,None,4,GlobalReef,7.63,35.88,7,1.13,1.63,0.13,0,3.5,0,0.38,0.75,1,0,0,1.13,8.88,0.38,0,1.75,9.75,13.25,1,1018.88,1114.05,8
No Name Pinnacle,Natural,Pinnacle,04/24/2024,7:25,8,NA,15,NA,NA,2,GlobalReef,5.38,3.63,11.63,0.63,2.63,1,0,0.88,0,0,0,0.13,0,0,0,0,0,0,1.25,2.63,22.5,1.5,0,53.79,8
No Name Pinnacle,Natural,Pinnacle,06/01/2024,9:30,8,23,15,1,Light,3,GlobalReef,4,22.5,14,1,2,0,0,4.5,0,6.5,8,0,0,0,87,168,3.5,1,5,6.5,11,2.5,0,347,2
No Name Pinnacle,Natural,Pinnacle,06/01/2024,10:00,8,23,15,3,None,6,GlobalReef,6,17.5,8.5,0,0,0,0,1,0,3,0,0,0,0,68.5,92.5,6,0,8.5,0,3,3,0,217.5,2
No Name Pinnacle,Natural,Pinnacle,06/14/2024,10:00,8,23,15,1,None,5,GlobalReef,20,17,4.5,2,0,0,0,1,0,2,0,0,0,0,0,0,6,0,2,2,2,1,100,159.5,2
No Name Pinnacle,Natural,Pinnacle,06/16/2024,10:00,8,21,15,1,None,3,GlobalReef,9.5,14.5,6.75,0.75,3.75,0,0,1.75,0,3,0,0.5,0,0,1.5,10.5,1.25,0,1.25,3.75,11.5,2,165,237.25,4
No Name Pinnacle,Natural,Pinnacle,06/16/2024,10:00,8,21,15,1,None,3,GlobalReef,10.75,23.25,6,0,2,0,0,1.75,0.25,4.25,0,0.25,0,0,1.5,6.75,0.25,0,0.5,8.75,7,1.75,307.5,382.5,4
No Name Pinnacle,Natural,Pinnacle,06/24/2024,9:30,8,17,15,1,Light,3,GlobalReef,8.75,9.75,7.75,0.5,3.75,2.25,2.25,2.75,0,0,2,0.5,1.25,0,0.25,0,0.25,0,5.5,21.25,23.5,12.25,495,599.5,4
No Name Pinnacle,Natural,Pinnacle,06/24/2024,9:30,8,18,15,2,None,2,GlobalReef,6.25,10.75,10.5,2.75,5.25,2,0,1.5,0,1.25,0,1.25,0.5,0.5,0,5.25,0,0,12.5,20.25,32.25,0.5,184.25,297.5,4
No Name Pinnacle,Natural,Pinnacle,03/29/2024,10:00,8,18,18,1,NA,1,GlobalReef,5.75,150.5,13.25,2.75,3.75,0,0.5,0.75,0,0,0,0.5,0,0,0,0,1,0,7.5,1,28.25,4.75,0,220.25,4
No Name Pinnacle,Natural,Pinnacle,03/29/2024,8:00,8,23,18,1,None,3,GlobalReef,7,31,10.5,0,0.5,0,0,0.5,0,0,0,0,0,0,0,4.5,3,0,20,1,8.5,9.5,0,96,2
No Name Pinnacle,Natural,Pinnacle,04/01/2024,10:00,8,20,18,1,None,6,GlobalReef,0.5,3.5,8.5,0,7.75,0,0.25,1.5,0,1.75,0,0.25,0,0,0,3.25,0,0,0,31.25,20.25,1.75,100,180.5,4
No Name Pinnacle,Natural,Pinnacle,04/16/2024,10:00,8,15,18,1,NA,6,GlobalReef,3.25,4.75,5.25,1.75,3.25,0,0,1.5,0.25,0,0,0,0,0,0,0,0,0,1.25,3.5,21,2,0,47.75,4
No Name Pinnacle,Natural,Pinnacle,05/28/2024,13:00,8,16,18,1,Light,1,GlobalReef,11.17,20.33,7.5,3.67,2.83,0,2.83,3.33,1,0,0,0.33,0,0,0,0,1,0,1.67,2.67,17,1.67,0,77,3
No Name Pinnacle,Natural,Pinnacle,05/28/2024,13:00,8,23,18,1,None,1,GlobalReef,22.67,44.5,5.5,3.5,0.5,0,0,2.17,0,0.5,0,0,0,0,0,0.83,5,0,2.17,0.67,5.17,8,0,101.18,6
No Name Pinnacle,Natural,Pinnacle,06/24/2024,10:00,8,18,18,3,None,6,GlobalReef,3.75,3.25,11.5,1.25,4.5,0.5,0.5,2.5,0.5,1,5.25,0.5,0.5,0,0,98.75,0.25,0.25,1.25,29.75,22.75,0.75,498,687.25,4
No Name Pinnacle,Natural,Pinnacle,06/14/2024,10:20,8,16,20,1,None,5,GlobalReef,13,14,6.5,1,0.5,0,0,4,0.5,0,0,1.5,0,0,0,0,0.5,0,1,2,27,4,0,75.5,2
No Name Wreck,Artificial,Shipwreck,06/30/2024,10:00,8,NA,6,NA,Light,3,GlobalReef,1.83,41.5,2.33,0,0,0,0,0.33,0,0.17,0,0,0,0,0,1.17,2.33,0,0.17,0,4.67,1,0,55.5,12
No Name Wreck,Artificial,Shipwreck,08/24/2024,10:00,8,15,8,1,None,4,Global Reef,5.5,20.75,10,1.25,2.25,0.5,0,1.25,0,6.25,0,0,0,0,0,32.5,2.25,0,0.5,8.5,23.25,8.25,97.5,220.5,4
No Name Wreck,Artificial,Shipwreck,09/01/2024,10:00,8,15,8,4,None,0,Global Reef,4.25,16.75,9.25,2.5,3.5,0.5,0,1,0,2,18.25,0.5,0,0,0,52.5,0.25,0,1.75,5.25,18.25,1.25,167.75,305.5,4
No Name Wreck,Artificial,Shipwreck,06/27/2024,14:50,8,12,10,3,None,1,GlobalReef,6,2.5,6.92,0,2,0,1.17,2.75,0.75,0,0.58,0.08,0,0.83,33.75,0,0.08,0,0.67,0.25,9.5,0.83,0,68.66,12
No Name Wreck,Artificial,Shipwreck,07/24/2024,7:30,8,NA,10,NA,NA,3,GlobalReef,10,4.13,9.63,1,1.75,0.75,0.13,1.25,0,3.13,0,1.38,0,0,0.5,13.38,0.25,0,1,1.63,8.13,1,103.88,162.92,8
No Name Wreck,Artificial,Shipwreck,07/29/2024,15:00,8,NA,10,NA,None,4,GlobalReef,3.17,8.33,10,2.5,1.5,0.5,0.5,2.17,0.5,0,0.17,0,0,0,82.33,0,0.17,0,0,0.17,12.67,2,0,126.68,3
No Name Wreck,Artificial,Shipwreck,07/29/2024,13:00,8,NA,10,NA,None,4,GlobalReef,1.5,17,3.17,0.17,0,2.83,0,0,0,0.17,0,0,0,0,0,3.5,4.67,0,4.17,0.5,0.67,1.83,0,40.18,6
No Name Wreck,Artificial,Shipwreck,08/08/2024,7:30,8,19,10,3,None,2,GlobalReef,3.5,18.25,12.38,1.13,2.75,0,0.88,0.63,0.5,0,0,0.75,0,0,0,0.13,0,0,11.88,0.13,18.75,1.75,0,73.41,4
No Name Wreck,Artificial,Shipwreck,07/26/2024,10:00,8,15.7,12,NA,None,6,Global Reef,3.06,8.38,6.31,0.75,2.25,0.38,0.25,3,0.13,0.56,0.44,0.13,0,0,0,38.31,0.19,0,5.13,15.06,24.94,0.5,44.4,154.17,???
No Name Wreck,Artificial,Shipwreck,08/26/2024,10:00,8,22,12,1,None,4,GlobalReef,6.2,69,6.4,2.2,0,0,0,5,0.2,4,44.4,0,0.2,0,64.8,37.6,14.8,0,0.6,0,1.8,3.2,0,260.4,10
No Name Wreck,Artificial,Shipwreck,09/01/2024,10:00,8,19,12,5,NA,3,GlobalReef,5.75,9.25,8,0.75,1.25,0.25,0.75,1.5,0,0.5,0,0.25,0,0,0,0,0,0,0.5,2.5,15,4.25,0,50.5,4
No Name Wreck,Artificial,Shipwreck,09/01/2024,10:00,8,22,12,3,None,0,GlobalReef,6.75,11.5,13,0,0,1,0,3.5,0.25,6.25,57.25,2.75,1,0.5,51.5,75.75,10.5,0,2.5,2.5,4.25,2.25,0.5,253.5,4
No Name Wreck,Artificial,Shipwreck,07/01/2024,10:00,8,NA,15,NA,None,12,GlobalReef,9.75,33.25,13.63,0.25,1.25,0.5,0.13,3.75,0,1.75,65,0.5,0,0,62.63,56.88,4.38,0,6.88,4.63,4.25,4.88,0,274.29,???
No Name Wreck,Artificial,Shipwreck,07/24/2024,9:30,8,NA,15,NA,None,2,GlobalReef,15.82,26.64,12.36,1.91,2.82,2.09,0.09,2.82,0.18,1.73,0.64,1.27,0,0,1.82,22.45,0.18,0,2.36,7.09,12.27,3.73,684.27,802.54,11
No Name Wreck,Artificial,Shipwreck,08/25/2024,10:00,8,19,15,3,NA,4,GlobalReef,3.88,7.63,5.63,0.75,1.25,0.63,0.88,0.75,0,0,0.5,0,0,0,0,0,0,0,0.25,2.38,10.5,2.63,0,37.66,8
No Name Wreck,Artificial,Shipwreck,07/08/2024,9:30,8,NA,20,1,NA,3,GlobalReef,2.75,41.5,7.75,1.75,0,0,0,4.25,0,1.5,15,1.25,0,0,78.5,107.25,5.75,0,20.5,0,3,3,0,293.75,8
No Name Wreck,Artificial,Shipwreck,07/24/2024,7:30,8,NA,20,NA,Light,4,GlobalReef,8.38,48,7,1,0,0.13,0,1.38,0,0.13,0,0.13,0,0,0,1.5,6.25,0,2.5,3.75,7.38,3.13,0,90.66,8
No Name Wreck,Artificial,Shipwreck,08/11/2024,10:00,8,16.1,20,1,None,5,Global Reef,8.25,43.25,6.5,0,1.75,1,1.25,2.75,0,0.5,0,0.25,0,0,0,68.5,0.5,0,2.25,128,19,1.75,188.75,474.25,4
No Name Wreck,Artificial,Shipwreck,08/11/2024,10:00,8,22,20,1,None,3,GlobalReef,2.75,29.75,4,0,0.5,0,0,1.5,0.25,1.75,7.5,0.5,0,0,47.5,63,3.75,0,2,0.75,0,1.5,0,167,4
No Name Wreck,Artificial,Shipwreck,08/19/2024,9:17,8,15,20,1,None,6,Global Reef,8.25,7.5,15.25,2.75,4.25,0.75,0.5,5.75,1.25,0.75,3.75,0.25,0,0,0,40,0,0,1.25,64.25,19.25,2,171,348.75,4
No Name Wreck,Artificial,Shipwreck,08/19/2024,7:10,8,15,20,1,None,2,GlobalReef,14.33,16.33,13,1,1.67,2,0,3,0,10.33,0,2.67,0,0,0.67,14,1.33,0,2,5.33,10.33,3,316.67,417.66,3
No Name Wreck,Artificial,Shipwreck,08/19/2024,NA,8,22,20,1,None,4,GlobalReef,3.75,10,10.25,0.75,0.25,0,0,4.25,0,3.25,18.25,0,1,0,62.75,86.5,10.25,0,2.25,7.75,1.5,5,0,227.75,4
No Name Wreck,Artificial,Shipwreck,08/25/2024,10:05,8,NA,20,3,None,4,GlobalReef,12.25,20,10.5,0.25,1,1.25,0,3,0.25,8.75,0,1,0,0,0.25,9.5,0.25,0,1,5.75,13.5,2,300,390.5,4
No Name Wreck,Artificial,Shipwreck,07/01/2024,9:30,8,NA,NA,NA,NA,NA,GlobalReef,4.25,14.08,6.67,0,0,0,0.17,5.33,0.08,0.42,0,0.5,0,0,63.17,90.33,8.25,0,15.25,0.08,4.75,NA,0,213.33,12
No Name Wreck,Artificial,Shipwreck,08/01/2024,NA,8,NA,NA,NA,NA,NA,GlobalReef,5.5,7.5,12.5,1.5,5.67,0,2,3,2,0,12,0,0,0,8.75,0,0,0,0,1,17,1,0,79.42,8
No Name Wreck,Artificial,Shipwreck,08/01/2024,NA,8,NA,NA,NA,NA,NA,GlobalReef,7.25,5.38,11.63,0,2.63,0,1,3.38,1,0,0,0.13,0,0.5,56.75,0,0,0.25,0.75,0.88,16.63,6,0,114.16,8
No Name Wreck,Artificial,Shipwreck,08/01/2024,NA,8,NA,NA,NA,NA,NA,GlobalReef,8.88,26.63,8.25,2.75,0,0,0,1.63,0,0,0,0.63,0,0,0,1,5,0,8.5,0.13,9.13,8,163.75,244.28,8
No Name Wreck,Artificial,Shipwreck,08/07/2024,9:30,8,NA,NA,NA,NA,4,Global Reef,2.75,15,8.75,1.25,5.75,0.5,1,1,0.5,0,13.5,0.5,0,0,0,51.25,0,0.5,1.25,27.25,21.25,2,157.5,311.5,4
No Name Wreck,Artificial,Shipwreck,08/18/2024,NA,8,24,NA,NA,NA,2,GlobalReef,0,5,5,0,0,1,0,0,0,0,0,0,0,0,0,10,0,0,2,0,0,1,0,24,1
No Name Wreck ,Artificial,Shipwreck,02/10/2025,7:30,8,22,13,2,None,2,Bjarne,4,66,13,1,0,0,0,0,0,0,0,0,0,0,0,0,13,0,4,1,2,9,0,113,1
No Name Wreck ,Artificial,Shipwreck,02/10/2025,7:30,8,22,13,2,None,2,Olive,7,49,11,2,0,1,0,0,0,0,0,0,0,0,0,0,12,0,6,0,0,12,0,100,1
No Name Wreck ,Artificial,Shipwreck,02/10/2025,7:39,8,22,13,2,None,2,Bjarne,4,36,3,0,0,0,0,2,0,0,0,0,0,0,1,0,10,0,4,0,5,1,0,66,1
No Name Wreck ,Artificial,Shipwreck,02/10/2025,7:39,8,22,13,2,None,2,Olive,7,29,6,0,0,0,0,2,0,0,0,0,0,0,1,0,9,0,3,0,2,11,0,70,1
Sattakut Wreck,Artificial,Shipwreck,09/02/2024,10:00,8,22,5,3,None,0,GlobalReef,3,24.5,5.5,1,0,0,0,0,0,3.5,45.5,1,0,0,23.5,36.5,5,0,2.5,0,0,3.5,0,155,2
Sattakut Wreck,Artificial,Shipwreck,09/02/2024,10:00,8,22,5,3,None,0,GlobalReef,4,57.75,11,0,0,0,0.25,0.75,0.25,3.25,38.5,0,1,0,82.75,88.75,9.25,0,5.75,26,2.75,1,49.5,382.5,4
Sattakut Wreck,Artificial,Shipwreck,09/04/2024,10:00,8,15,5,4,None,3,Global Reef,2,41.75,4.5,0.75,2.25,0,0,3.25,0,2.25,3.75,0.5,0,0,0.25,39.25,0,0,0.5,6.25,16.5,0.5,250,374.25,4
Sattakut Wreck,Artificial,Shipwreck,10/08/2024,NA,8,26.5,5,1,None,2,GlobalReef,0.67,12.5,4.83,0,0,0,0,0,0,0,0,0,0,0,0,9.17,3.83,0,0.83,0.33,0.17,0.67,0,33,6
Sattakut Wreck,Artificial,Shipwreck,10/08/2024,NA,8,26.5,5,1,None,2,GlobalReef,0.17,9.67,7.5,0,0,0,0,0,0,0.5,0,0,0,0,0,14.5,2.17,0,0.33,0.33,0.5,1,0,36.67,8
Sattakut Wreck,Artificial,Shipwreck,10/01/2024,13:15,8,18,8,5,Medium,2,GlobalReef,1.75,25.5,4.5,1.5,0.25,1.5,0.25,0,0,0.5,0.5,0.25,0,0,0,25,0,0,0.75,0,5.25,1,0,68.5,4
Sattakut Wreck,Artificial,Shipwreck,10/01/2024,13:15,8,18,8,5,Medium,2,Global Reef,1.75,24.5,10.25,0.25,0.75,0.5,0.5,0.75,0,0,0.5,0.75,0,0,10,0,0,0,3.25,0.25,5.25,0.75,0,60,4
Sattakut Wreck,Artificial,Shipwreck,02/06/2025,7:27,8,16,8,1,None,3,Georgia,2,17,7,2,1,0,0,3,0,0,0,1,1,0,0,65,134,0,0,2,0,2,2,239,1
Sattakut Wreck,Artificial,Shipwreck,02/06/2025,7:27,8,16,8,1,None,0,Camille,1,45,12,2,0,0,0,0,0,0,6,0,0,0,0,49,127,8,0,0,4,4,1,259,1
Sattakut Wreck,Artificial,Shipwreck,10/15/2024,8:00,8,19,10,1,None,5,Global Reef,3,14.5,17,2.5,2,0,0,0,0,0,1,0,0,1.5,4.5,38.5,1,0,17,6,9,4,445,566.5,2
Sattakut Wreck,Artificial,Shipwreck,10/15/2024,10:00,8,19,10,1,None,5,Global Reef,3,30,6,0.5,1,0,0,0,0,0,2.5,0,0,0,2,47,0.5,0,3.5,9.5,5,1.5,65,177,2
Sattakut Wreck,Artificial,Shipwreck,10/15/2024,8:00,8,19,10,1,None,5,Global Reef,3,27,12,1.5,0.5,0,0,0,0,0,3,0,0,0,1.5,5,1.5,0,15.5,4,8,5,0,87.5,2
Sattakut Wreck,Artificial,Shipwreck,10/15/2024,10:00,8,19,10,1,None,5,Global Reef,5,26.5,9.5,1.5,0.5,0,0,0,0,0,8,0,0,1,1.5,23,1.5,0,14,2.5,4.5,2.5,0,101.5,2
Sattakut Wreck,Artificial,Shipwreck,10/15/2024,8:00,8,19,10,1,None,5,Global Reef,2,13.25,5.5,0.75,0.75,0,0,0,0,0.25,5.5,0,0,0,6.75,8,2,0,7,1,5.5,3.75,189.25,251.25,4
Sattakut Wreck,Artificial,Shipwreck,10/15/2024,10:00,8,16,10,1,None,5,Global Reef,0.5,16.75,7.25,0.75,0.5,0,0,0,0,0,10.25,0,0,0,0.75,20.75,1.75,0,4,0,11.25,3.5,1.5,79.5,4
Sattakut Wreck,Artificial,Shipwreck,10/15/2024,8:00,8,16,10,1,None,5,Global Reef,5.75,14.75,5.25,1,1,0,0,0,0,0,5.25,0,0,0,3,34.25,0,0,1.75,0.33333333,4.25,1.75,0,78.33,4
Sattakut Wreck,Artificial,Shipwreck,10/15/2024,10:00,8,16,10,1,None,5,Global Reef,0.5,11.75,1.5,1.5,0,0,0,0,0,0,3.5,0,0,0,1.25,27.75,0,0,1,0.25,3.5,0.75,26,79.25,4
Sattakut Wreck,Artificial,Shipwreck,09/24/2024,13:00,8,12,12,1,None,2,GlobalReef,15.75,12,16,0.5,4.5,0,2.25,4.25,2,0,0.5,1,0,0,91.5,0,0,0,1.25,2,13.5,4.5,0,171.5,4
Sattakut Wreck,Artificial,Shipwreck,10/07/2024,8:00,8,20,12,1,None,2,GlobalReef,3,127,12.5,0,0,0,0,0,0,1,0,0,0,0,1,1,1,0,0,0.5,1.5,0,0,148.5,2
Sattakut Wreck,Artificial,Shipwreck,10/09/2024,8:00,8,16.5,12,3,None,3,GlobalReef,6.5,34.5,7.5,2,5,0,1,0.5,0,0,0,1,0,0.5,0,0,0,0,0,2,10,2,0,72.5,2
Sattakut Wreck,Artificial,Shipwreck,10/09/2024,8:00,8,16.5,12,3,None,3,GlobalReef,8,57,5.5,2,5,0,0.5,0,0,0,0,0,0,0,0,0,0,0,0.5,1.5,12.5,3,0,95.5,2
Sattakut Wreck,Artificial,Shipwreck,10/09/2024,9:00,8,16,15,5,None,6,Global Reef,2.92,5.17,7.83,0.42,3.33,0.25,0.42,1.83,0,0.92,2,0,0,0,0.08,22.08,0.25,0,5.5,12.58,13.92,4.67,137.83,222,12
Sattakut Wreck,Artificial,Shipwreck,10/02/2024,10:00,8,NA,18,NA,Light,3,GlobalReef,11.83,13.33,8.83,0.17,0,0.83,0.17,1.5,0,0,0,0.67,0,0,0.5,1.17,5.17,0,6.67,8.83,4.5,9.67,0,73.84,6
Sattakut Wreck,Artificial,Shipwreck,10/09/2024,8:00,8,22.5,18,3,None,2,GlobalReef,6,38,4,1.5,0,2.5,0,1.75,0.75,0.75,0,0,0,0,0.25,0.75,6.75,0,3,2.25,3.75,4.25,0,76.25,4
Sattakut Wreck,Artificial,Shipwreck,10/09/2024,8:00,8,22.5,18,3,None,2,GlobalReef,7,43.5,5,1,0,2,0,1.5,0.75,0.75,0,0,0,0,0.25,0.75,6.5,0,8,3.25,4.75,3.5,0,88.5,4
Sattakut Wreck,Artificial,Shipwreck,09/16/2024,NA,8,NA,NA,NA,NA,0,GlobalReef,3.33,8.67,14,2,6.33,0,0.33,2.67,3,0,2,0,0,0,155.67,0,0,0,2.33,1,10.33,1.67,283.33,496.66,3
Sattakut Wreck,Artificial,Shipwreck,09/16/2024,NA,8,NA,NA,NA,NA,,GlobalReef,4.25,6.5,11.5,0.25,2.75,0,0,1.75,1,0,0.75,0,0,0,111,0,0,0,1.25,1.25,6.75,1.25,62.5,212.75,4
Sattakut Wreck,Artificial,Shipwreck,09/16/2024,NA,8,NA,NA,NA,NA,NA,GlobalReef,7.25,48.5,5.75,0,0,0,0,0,0,1,0,0.25,0,0,0.5,15,7.75,0,4.5,5.25,1.5,1.75,0,99,4
Sattakut Wreck,Artificial,Shipwreck,09/16/2024,NA,8,NA,NA,NA,NA,NA,GlobalReef,2,21.67,3.67,0,0,0,0,0,0,0.67,0,0.33,0,0,0,17,6,0,2,2,1.67,7.67,0,64.68,3
Sattakut Wreck,Artificial,Shipwreck,09/22/2024,NA,8,NA,NA,NA,NA,,GlobalReef,8.5,9.25,15,0,2,0,1,5,0,0,0.75,0,0,0,49.5,0,0.25,0,0.5,0.5,10,0.5,0,102.75,4
Sattakut Wreck,Artificial,Shipwreck,09/22/2024,NA,8,NA,NA,NA,NA,NA,GlobalReef,1,13.5,5,0,0,1,0,0,0,0,0,0,0,0,0,17,9,0,1.5,1,0.5,0.5,0,50,2
Sattakut Wreck,Artificial,Shipwreck,09/24/2024,NA,8,NA,NA,NA,NA,NA,Global Reef,4,18,27.5,2.5,1.25,0.75,0.25,3.5,0,0.25,7.75,1,0,0,0,14,0.5,0,1.5,7.25,17.5,6.75,242.5,356.75,4
Sattakut Wreck,Artificial,Shipwreck,10/01/2024,NA,8,12,NA,NA,NA,3,Global Reef,15,25.5,18.5,0,8.5,0,2.5,3.5,0,0,0,0,0,0,48.5,0,0,0,1,0.5,8,0,0,131.5,2
Sattakut Wreck,Artificial,Shipwreck,10/01/2024,NA,8,12,NA,NA,NA,3,Global Reef,34,8,13,0,3,0,3,5,0,0,0,0,0,0,2,0,0,0,0,3,13,0,130,214,1
Sattakut Wreck,Artificial,Shipwreck,10/01/2024,NA,8,12,NA,NA,NA,3,Global Reef,40,7,27,0,6,0,1,7,0,0,2,0,0,0,1,0,0,0,0,2,5,0,90,188,1
Sattakut Wreck,Artificial,Shipwreck,10/01/2024,NA,8,NA,NA,NA,NA,NA,GlobalReef,9.5,9.17,11.33,3.33,6.83,0,1.33,3.67,0.83,0.17,0,2,0,0,0,0,0,0,2.83,2.67,8.5,7.67,1,70.83,6
Shark Island,Natural,Pinnacle,10/25/2024,7:40,8,26.5,2,1,None,2,GlobalReef,0.5,8.25,4.25,0,0,0,0,0,0,0.75,0,0,0,0,0.5,4.25,0.5,0,1.25,7.75,0,0.75,0,28.75,4
Shark Island,Natural,Pinnacle,12/09/2024,10:00,8,21,7,1,None,1,GlobalReef,2,51.5,3,0,0.5,0.5,0,0,0,0,0,0,0,0,0,0,2,0,4.5,0,2.5,9.5,15,91,2
Shark Island,Natural,Pinnacle,10/15/2024,8:00,8,16,10,1,None,5,Global Reef,2,15.25,5.25,0.75,1.25,0,0,0.25,0.25,0,5.5,0,0,0,18.75,32.75,0,0,5,2.5,3.25,0.5,43.25,136.5,4
Shark Island,Natural,Pinnacle,10/15/2024,10:00,8,16,10,1,None,5,Global Reef,0.5,17.75,4,0.75,1,0,0,0,0,0,5,0,0.25,0,0.5,24.25,0.25,0,6.25,1.75,2,0,5,69.25,4
Shark Island,Natural,Pinnacle,02/05/2025,9:15,8,10.9,10,1,Light,1,Keisha,5,6,23,2,0,17,0,0,0,1,0,0,0,0,0,1,0,0,1,1,10,1,0,68,1
Shark Island,Natural,Pinnacle,02/05/2025,9:15,8,10.9,10,1,Light,1,Ben,6,19,16,2,2,7,1,1,0,1,0,1,0,0,1,1,0,0,7,2,23,0,0,90,1
Shark Island,Natural,Pinnacle,02/05/2025,9:24,8,10.9,10,1,Light,1,Keisha,8,0,40,2,0,0,0,0,0,0,2,0,0,0,0,40,0,0,1,0,2,0,0,95,1
Shark Island,Natural,Pinnacle,02/05/2025,9:24,8,10.9,10,1,Light,1,Ben,2,29,14,2,4,0,0,0,2,0,16,0,0,0,0,30,1,0,2,1,12,0,0,115,1
Shark Island,Natural,Pinnacle,02/05/2025,9:35,8,10.9,10,1,Light,1,Keisha,4,2,10,1,0,0,1,0,0,0,0,0,0,0,0,0,0,0,1,1,3,0,0,23,1
Shark Island,Natural,Pinnacle,02/05/2025,9:35,8,10.9,10,1,Light,1,Ben,6,16,10,1,3,0,3,1,0,0,0,0,0,0,0,0,0,0,3,2,8,0,0,53,1
Shark Island,Natural,Pinnacle,10/21/2024,10:00,8,21,12,1,Light,1,GlobalReef,4,8.5,5,0,0.5,0,0,1.5,0,0,0,0,0,0,0,0,1,0,0,1,4,6,717.5,749,2
Shark Island,Natural,Pinnacle,12/10/2024,9:30,8,24,12,5,Light,5,GlobalReef,4.5,28,9,0,0,0,0,2,0,1.5,85.5,0.5,0.5,0,54,21,1,0,0,0,2,3,0,212.5,2
Southwest,Natural,Pinnacle,10/25/2024,9:15,8,12,12,1,None,3,GlobalReef,19,27.25,22,2.25,3.25,0,0.5,4.75,0,0,2.5,0.5,0,0,5.75,0,0,0,0.25,0.5,12.5,0.75,0,101.75,4
Southwest,Natural,Pinnacle,10/25/2024,9:15,8,12,12,1,None,3,GlobalReef,8.67,14.22,19.44,0,1.67,0,1.33,3.22,0.89,0.22,3.67,0.56,0,0.22,78.11,0.22,0.11,0,0.67,3.11,13.44,1.22,0,150.99,9
White Rock ,Natural,Pinnacle,02/10/2025,9:17,8,15,15,2,Light,12,Bjarne,10,6,27,1,1,0,3,5,1,0,19,3,0,0,63,0,1,0,1,2,23,5,0,171,1
White Rock ,Natural,Pinnacle,02/10/2025,9:17,8,15,15,2,Light,12,Olive,14,10,22,1,1,0,3,6,1,0,31,2,0,0,73,0,0,0,1,2,21,5,0,193,1
White Rock ,Natural,Pinnacle,02/10/2025,9:17,8,15,15,2,Light,12,Bjarne,5,0,16,0,1,0,0,4,3,0,44,0,0,0,66,0,1,0,2,2,27,2,0,173,1
White Rock ,Natural,Pinnacle,02/10/2025,9:17,8,15,15,2,Light,12,Olive,5,0,20,1,4,0,0,0,3,0,47,0,0,0,53,0,0,0,2,4,23,7,0,169,1
White Rock ,Natural,Pinnacle,02/10/2025,9:17,8,15,15,2,Light,12,Bjarne,5,0,4,0,3,0,1,3,0,0,34,2,0,0,10,0,0,0,0,0,35,0,0,97,1
White Rock ,Natural,Pinnacle,02/10/2025,9:17,8,15,15,2,Light,12,Olive,6,0,17,0,4,0,1,2,1,0,28,2,0,0,0,0,0,0,0,0,27,0,0,88,1
White Rock ,Natural,Pinnacle,02/10/2025,9:21,8,16,15,2,Light,12,Scarlett,10,2,20,0,3,0,2,2,0,0,0,1,0,0,1,2,0,0,1,8,34,0,0,86,1
White Rock ,Natural,Pinnacle,02/10/2025,9:21,8,16,15,2,Light,12,Camille,12,1,24,0,2,0,2,2,0,0,0,0,0,0,0,1,0,0,1,16,21,0,0,82,1
White Rock ,Natural,Pinnacle,02/10/2025,9:21,8,18,15,2,Light,12,Scarlett,13,54,11,2,4,0,1,7,0,0,1,0,0,0,3,4,0,0,0,9,20,2,0,131,1
White Rock ,Natural,Pinnacle,02/10/2025,9:21,8,18,15,2,Light,12,Camille,11,64,14,0,9,0,0,8,0,0,1,0,0,0,2,0,0,0,0,9,14,2,0,134,1
White Rock ,Natural,Pinnacle,02/10/2025,9:21,8,15,15,2,Light,12,Scarlett,7,11,16,1,4,0,2,6,3,0,17,1,0,0,21,0,0,0,2,11,39,0,0,141,1
White Rock ,Natural,Pinnacle,02/10/2025,9:21,8,15,15,2,Light,12,Camille,8,11,13,0,3,0,4,3,2,0,23,1,0,0,21,0,1,0,0,4,31,2,0,127,1
White Rock ,Natural,Pinnacle,02/10/2025,9:38,8,12,15,2,Light,16,Elise,9,1,10,3,5,1,1,4,3,1,30,0,0,0,1,13,0,0,0,9,43,0,0,134,1
White Rock ,Natural,Pinnacle,02/10/2025,9:38,8,12,15,2,Light,16,Martin,4,3,10,3,0,0,1,4,0,0,14,0,0,0,1,11,7,0,0,2,19,0,0,79,1
White Rock ,Natural,Pinnacle,02/10/2025,9:38,8,15,15,2,Light,16,Elise,2,39,6,1,4,0,1,4,2,2,2,1,0,0,2,2,0,0,0,2,15,0,0,85,1
White Rock ,Natural,Pinnacle,02/10/2025,9:38,8,15,15,2,Light,16,Martin,2,1,4,1,4,0,1,5,0,1,1,1,0,0,2,2,0,0,0,2,10,0,0,37,1
White Rock ,Natural,Pinnacle,02/10/2025,9:38,8,11,15,2,Light,16,Elise,6,2,10,0,4,0,1,4,3,0,58,0,0,0,117,5,0,0,1,4,11,1,1,228,1
White Rock ,Natural,Pinnacle,02/10/2025,9:38,8,11,15,2,Light,16,Martin,3,6,14,0,5,0,1,1,2,0,33,0,0,0,99,0,0,0,1,4,12,0,1,182,1
Chumphon,Natural,Pinnacle,02/11/2025,7:58,8,20,10,1,None,10,Keisha,2,130,13,2,0,0,0,0,0,0,0,1,0,0,0,0,20,0,1,0,3,0,300,472,1
Chumphon,Natural,Pinnacle,02/11/2025,7:58,8,20,10,1,None,10,Max,10,93,23,2,3,0,0,0,0,0,3,1,0,0,1,0,21,0,0,0,13,10,150,330,1
Chumphon,Natural,Pinnacle,02/11/2025,8:08,8,20,10,1,None,10,Keisha,3,31,21,2,0,2,1,0,0,0,0,1,0,0,0,1,0,0,1,0,12,0,0,75,1
Chumphon,Natural,Pinnacle,02/11/2025,8:08,8,20,10,1,None,10,Max,12,10,30,2,5,2,4,2,0,0,13,0,1,0,0,0,0,0,0,0,24,4,0,109,1
Chumphon,Natural,Pinnacle,02/11/2025,7:51,8,15.8,10,1,None,8,Georgia,10,29,23,1,1,0,0,1,1,0,4,0,0,0,1,0,0,0,0,0,14,2,160,247,1
Chumphon,Natural,Pinnacle,02/11/2025,7:51,8,15.8,10,1,None,8,Ben,8,32,18,2,0,0,0,2,0,0,0,0,0,0,0,0,0,2,0,0,8,1,170,243,1
Chumphon,Natural,Pinnacle,02/11/2025,7:51,8,15.8,10,1,None,8,Georgia,1,129,11,0,0,0,0,0,0,0,0,1,0,0,1,0,0,0,0,1,2,4,0,150,1
Chumphon,Natural,Pinnacle,02/11/2025,7:51,8,15.8,10,1,None,8,Ben,3,106,7,2,1,0,0,0,0,0,0,1,0,0,0,0,0,0,0,0,2,1,0,123,1
Chumphon,Natural,Pinnacle,02/11/2025,7:58,8,20,10,1,None,10,Olive,4,90,15,0,0,0,0,2,0,0,1,0,0,0,0,0,20,0,13,0,3,5,93,246,1
Chumphon,Natural,Pinnacle,02/11/2025,7:58,8,20,10,1,None,10,Jen,0,84,3,4,6,0,0,0,0,1,0,0,0,0,0,0,22,0,1,11,1,11,115,259,1
Chumphon,Natural,Pinnacle,02/11/2025,8:08,8,20,10,1,None,10,Olive,9,33,12,2,1,3,1,3,0,0,5,0,0,0,1,0,1,0,1,1,9,7,0,89,1
Chumphon,Natural,Pinnacle,02/11/2025,8:08,8,20,10,1,None,10,Jen,1,41,6,4,12,2,0,0,0,0,10,0,0,0,1,2,1,0,3,6,26,15,0,130,1
Hin Pee Wee,Natural,Pinnacle,02/11/2025,10:05,8,13.6,13,1,None,7,Ben,8,9,6,2,0,0,4,1,1,0,0,0,0,0,0,0,1,1,3,3,42,2,75,158,1
Hin Pee Wee,Natural,Pinnacle,02/11/2025,10:05,8,13.6,13,1,None,7,Georgia,9,9,8,2,2,0,1,1,1,1,0,0,0,0,0,0,0,0,3,0,25,5,195,262,1
Hin Pee Wee,Natural,Pinnacle,02/11/2025,10:05,8,13.6,13,1,None,7,Ben,14,13,3,4,1,0,0,1,0,0,0,0,0,0,0,0,1,1,3,44,33,1,0,119,1
Hin Pee Wee,Natural,Pinnacle,02/11/2025,10:05,8,13.6,13,1,None,7,Georgia,10,22,11,2,0,0,0,2,1,0,0,0,0,0,0,0,2,0,6,32,19,2,0,109,1